,continent,noc,year,or,argent,bronze
0,ASIE,AFG,2008,0,0,1
1,ASIE,AFG,2012,0,0,1
2,AFRIQUE,ALG,1984,0,0,2
3,AFRIQUE,ALG,1992,1,0,1
4,AFRIQUE,ALG,1996,2,0,1
5,AFRIQUE,ALG,2000,1,1,3
6,AFRIQUE,ALG,2008,0,1,1
7,AFRIQUE,ALG,2012,1,0,0
8,AFRIQUE,ALG,2016,0,2,0
9,AMÉRIQUE,ARG,1924,1,3,2
10,AMÉRIQUE,ARG,1928,3,3,1
11,AMÉRIQUE,ARG,1932,3,1,0
12,AMÉRIQUE,ARG,1936,2,2,3
13,AMÉRIQUE,ARG,1948,3,3,1
14,AMÉRIQUE,ARG,1952,1,2,2
15,AMÉRIQUE,ARG,1956,0,1,1
16,AMÉRIQUE,ARG,1960,0,1,1
17,AMÉRIQUE,ARG,1964,0,1,0
18,AMÉRIQUE,ARG,1968,0,0,2
19,AMÉRIQUE,ARG,1972,0,1,0
20,AMÉRIQUE,ARG,1988,0,1,1
21,AMÉRIQUE,ARG,1992,0,0,1
22,AMÉRIQUE,ARG,1996,0,2,1
23,AMÉRIQUE,ARG,2000,0,2,2
24,AMÉRIQUE,ARG,2004,2,0,4
25,AMÉRIQUE,ARG,2008,2,0,4
26,AMÉRIQUE,ARG,2012,1,1,2
27,AMÉRIQUE,ARG,2016,3,1,0
28,ASIE,ARM,1996,1,1,0
29,ASIE,ARM,2000,0,0,1
30,ASIE,ARM,2008,0,0,6
31,ASIE,ARM,2012,0,1,2
32,ASIE,ARM,2016,1,3,0
33,OCÉANIE,ANZ,1908,1,2,2
34,OCÉANIE,ANZ,1912,2,2,3
35,OCÉANIE,AUS,1896,2,0,1
36,OCÉANIE,AUS,1900,3,0,3
37,OCÉANIE,AUS,1904,0,3,1
38,OCÉANIE,AUS,1920,0,2,1
39,OCÉANIE,AUS,1924,4,1,2
40,OCÉANIE,AUS,1928,1,2,1
41,OCÉANIE,AUS,1932,3,1,1
42,OCÉANIE,AUS,1936,0,0,1
43,OCÉANIE,AUS,1948,2,6,5
44,OCÉANIE,AUS,1952,6,2,3
45,OCÉANIE,AUS,1956,13,8,14
46,OCÉANIE,AUS,1960,8,8,6
47,OCÉANIE,AUS,1964,6,2,10
48,OCÉANIE,AUS,1968,5,7,5
49,OCÉANIE,AUS,1972,8,7,2
50,OCÉANIE,AUS,1976,0,1,4
51,OCÉANIE,AUS,1980,2,2,5
52,OCÉANIE,AUS,1984,4,8,12
53,OCÉANIE,AUS,1988,3,6,5
54,OCÉANIE,AUS,1992,7,9,11
55,OCÉANIE,AUS,1996,9,9,23
56,OCÉANIE,AUS,2000,16,25,17
57,OCÉANIE,AUS,2004,17,16,17
58,OCÉANIE,AUS,2008,14,15,17
59,OCÉANIE,AUS,2012,7,16,12
60,OCÉANIE,AUS,2016,8,11,10
61,EUROPE,AUT,1896,2,1,2
62,EUROPE,AUT,1900,0,3,3
63,EUROPE,AUT,1904,2,1,1
64,EUROPE,AUT,1908,0,0,1
65,EUROPE,AUT,1912,0,2,2
66,EUROPE,AUT,1924,2,4,1
67,EUROPE,AUT,1928,3,3,2
68,EUROPE,AUT,1932,2,2,3
69,EUROPE,AUT,1936,6,8,7
70,EUROPE,AUT,1948,3,5,8
71,EUROPE,AUT,1952,2,5,3
72,EUROPE,AUT,1956,4,3,6
73,EUROPE,AUT,1960,2,3,3
74,EUROPE,AUT,1964,4,5,3
75,EUROPE,AUT,1968,3,6,6
76,EUROPE,AUT,1972,1,3,4
77,EUROPE,AUT,1976,2,2,3
78,EUROPE,AUT,1980,4,4,3
79,EUROPE,AUT,1984,1,1,2
80,EUROPE,AUT,1988,4,5,2
81,EUROPE,AUT,1992,6,9,8
82,EUROPE,AUT,1996,0,1,2
83,EUROPE,AUT,2000,2,1,0
84,EUROPE,AUT,2004,2,4,1
85,EUROPE,AUT,2008,0,1,2
86,EUROPE,AUT,2016,0,0,1
87,ASIE,AZE,1996,0,1,0
88,ASIE,AZE,2000,2,0,1
89,ASIE,AZE,2004,1,0,4
90,ASIE,AZE,2008,1,2,4
91,ASIE,AZE,2012,2,2,6
92,ASIE,AZE,2016,1,7,10
93,AMÉRIQUE,BAH,1956,0,0,1
94,AMÉRIQUE,BAH,1964,1,0,0
95,AMÉRIQUE,BAH,1992,0,0,1
96,AMÉRIQUE,BAH,1996,0,1,0
97,AMÉRIQUE,BAH,2000,2,0,1
98,AMÉRIQUE,BAH,2004,1,0,1
99,AMÉRIQUE,BAH,2008,0,1,1
100,AMÉRIQUE,BAH,2012,1,0,0
101,AMÉRIQUE,BAH,2016,1,0,1
102,ASIE,BRN,2012,0,0,1
103,ASIE,BRN,2016,1,1,0
104,AMÉRIQUE,BAR,2000,0,0,1
105,EUROPE,BLR,1996,1,6,8
106,EUROPE,BLR,2000,3,3,11
107,EUROPE,BLR,2004,2,5,6
108,EUROPE,BLR,2008,4,5,9
109,EUROPE,BLR,2012,2,5,5
110,EUROPE,BLR,2016,1,4,4
111,EUROPE,BEL,1900,6,7,5
112,EUROPE,BEL,1908,1,5,2
113,EUROPE,BEL,1912,2,1,3
114,EUROPE,BEL,1920,16,12,14
115,EUROPE,BEL,1924,3,7,4
116,EUROPE,BEL,1928,0,1,3
117,EUROPE,BEL,1932,0,0,1
118,EUROPE,BEL,1936,0,0,3
119,EUROPE,BEL,1948,3,3,3
120,EUROPE,BEL,1952,2,2,0
121,EUROPE,BEL,1956,0,2,0
122,EUROPE,BEL,1960,0,2,2
123,EUROPE,BEL,1964,2,0,1
124,EUROPE,BEL,1968,0,1,1
125,EUROPE,BEL,1972,0,2,0
126,EUROPE,BEL,1976,0,3,3
127,EUROPE,BEL,1980,1,0,0
128,EUROPE,BEL,1984,1,1,2
129,EUROPE,BEL,1988,0,0,2
130,EUROPE,BEL,1992,0,1,2
131,EUROPE,BEL,1996,2,2,2
132,EUROPE,BEL,2000,0,2,3
133,EUROPE,BEL,2004,1,0,2
134,EUROPE,BEL,2008,1,1,0
135,EUROPE,BEL,2012,0,1,2
136,EUROPE,BEL,2016,2,2,2
137,AMÉRIQUE,BER,1976,0,0,1
138,AFRIQUE,BOT,2012,0,1,0
139,AMÉRIQUE,BRA,1920,1,1,1
140,AMÉRIQUE,BRA,1948,0,0,1
141,AMÉRIQUE,BRA,1952,1,0,2
142,AMÉRIQUE,BRA,1956,1,0,0
143,AMÉRIQUE,BRA,1960,0,0,2
144,AMÉRIQUE,BRA,1964,0,0,1
145,AMÉRIQUE,BRA,1968,0,1,2
146,AMÉRIQUE,BRA,1972,0,0,2
147,AMÉRIQUE,BRA,1976,0,0,2
148,AMÉRIQUE,BRA,1980,2,0,2
149,AMÉRIQUE,BRA,1984,1,5,2
150,AMÉRIQUE,BRA,1988,1,2,3
151,AMÉRIQUE,BRA,1992,2,1,0
152,AMÉRIQUE,BRA,1996,3,3,9
153,AMÉRIQUE,BRA,2000,0,6,6
154,AMÉRIQUE,BRA,2004,5,2,3
155,AMÉRIQUE,BRA,2008,3,4,9
156,AMÉRIQUE,BRA,2012,3,5,9
157,AMÉRIQUE,BRA,2016,7,6,6
158,EUROPE,BUL,1952,0,0,1
159,EUROPE,BUL,1956,1,3,1
160,EUROPE,BUL,1960,1,3,3
161,EUROPE,BUL,1964,3,5,2
162,EUROPE,BUL,1968,2,4,3
163,EUROPE,BUL,1972,6,10,5
164,EUROPE,BUL,1976,6,9,7
165,EUROPE,BUL,1980,8,16,18
166,EUROPE,BUL,1988,10,12,13
167,EUROPE,BUL,1992,3,7,6
168,EUROPE,BUL,1996,3,7,5
169,EUROPE,BUL,2000,5,6,2
170,EUROPE,BUL,2004,2,1,9
171,EUROPE,BUL,2008,1,1,3
172,EUROPE,BUL,2012,0,1,1
173,EUROPE,BUL,2016,0,1,2
174,AFRIQUE,BDI,1996,1,0,0
175,AFRIQUE,BDI,2016,0,1,0
176,AFRIQUE,CMR,1968,0,1,0
177,AFRIQUE,CMR,1984,0,0,1
178,AFRIQUE,CMR,2000,1,0,0
179,AFRIQUE,CMR,2004,1,0,0
180,AFRIQUE,CMR,2008,1,0,0
181,AMÉRIQUE,CAN,1900,1,0,1
182,AMÉRIQUE,CAN,1904,4,1,1
183,AMÉRIQUE,CAN,1908,3,3,10
184,AMÉRIQUE,CAN,1912,3,2,3
185,AMÉRIQUE,CAN,1920,3,3,3
186,AMÉRIQUE,CAN,1924,1,3,1
187,AMÉRIQUE,CAN,1928,5,4,7
188,AMÉRIQUE,CAN,1932,3,6,14
189,AMÉRIQUE,CAN,1936,1,4,5
190,AMÉRIQUE,CAN,1948,2,2,3
191,AMÉRIQUE,CAN,1952,2,2,1
192,AMÉRIQUE,CAN,1956,2,2,5
193,AMÉRIQUE,CAN,1960,2,2,1
194,AMÉRIQUE,CAN,1964,2,3,2
195,AMÉRIQUE,CAN,1968,2,4,2
196,AMÉRIQUE,CAN,1972,0,3,3
197,AMÉRIQUE,CAN,1976,1,6,7
198,AMÉRIQUE,CAN,1980,0,1,1
199,AMÉRIQUE,CAN,1984,12,19,17
200,AMÉRIQUE,CAN,1988,3,4,8
201,AMÉRIQUE,CAN,1992,9,7,9
202,AMÉRIQUE,CAN,1996,3,11,8
203,AMÉRIQUE,CAN,2000,3,3,8
204,AMÉRIQUE,CAN,2004,3,6,3
205,AMÉRIQUE,CAN,2008,3,9,7
206,AMÉRIQUE,CAN,2012,1,5,12
207,AMÉRIQUE,CAN,2016,4,3,15
208,AMÉRIQUE,CHI,1928,0,1,0
209,AMÉRIQUE,CHI,1952,0,2,0
210,AMÉRIQUE,CHI,1956,0,2,2
211,AMÉRIQUE,CHI,1988,0,1,0
212,AMÉRIQUE,CHI,2000,0,0,1
213,AMÉRIQUE,CHI,2004,2,0,1
214,AMÉRIQUE,CHI,2008,0,1,0
215,ASIE,CHN,1984,15,8,9
216,ASIE,CHN,1988,5,11,12
217,ASIE,CHN,1992,16,25,15
218,ASIE,CHN,1996,16,22,12
219,ASIE,CHN,2000,28,16,14
220,ASIE,CHN,2004,32,17,14
221,ASIE,CHN,2008,51,21,28
222,ASIE,CHN,2012,38,27,23
223,ASIE,CHN,2016,26,18,26
224,AMÉRIQUE,COL,1900,0,1,0
225,AMÉRIQUE,COL,1972,0,1,2
226,AMÉRIQUE,COL,1984,0,1,0
227,AMÉRIQUE,COL,1988,0,0,1
228,AMÉRIQUE,COL,1992,0,0,1
229,AMÉRIQUE,COL,2000,1,0,0
230,AMÉRIQUE,COL,2004,0,0,2
231,AMÉRIQUE,COL,2008,0,1,1
232,AMÉRIQUE,COL,2012,1,3,4
233,AMÉRIQUE,COL,2016,3,2,3
234,AMÉRIQUE,CRC,1988,0,1,0
235,AMÉRIQUE,CRC,1996,1,0,0
236,AMÉRIQUE,CRC,2000,0,0,2
237,EUROPE,CRO,1992,0,1,2
238,EUROPE,CRO,1996,1,1,0
239,EUROPE,CRO,2000,1,0,1
240,EUROPE,CRO,2004,1,2,2
241,EUROPE,CRO,2008,0,2,3
242,EUROPE,CRO,2012,3,1,2
243,EUROPE,CRO,2016,5,3,2
244,AMÉRIQUE,CUB,1900,1,1,0
245,AMÉRIQUE,CUB,1904,4,0,0
246,AMÉRIQUE,CUB,1948,0,1,0
247,AMÉRIQUE,CUB,1964,0,1,0
248,AMÉRIQUE,CUB,1968,0,4,0
249,AMÉRIQUE,CUB,1972,3,1,4
250,AMÉRIQUE,CUB,1976,6,4,3
251,AMÉRIQUE,CUB,1980,8,7,5
252,AMÉRIQUE,CUB,1992,14,6,11
253,AMÉRIQUE,CUB,1996,9,8,8
254,AMÉRIQUE,CUB,2000,11,11,7
255,AMÉRIQUE,CUB,2004,9,7,11
256,AMÉRIQUE,CUB,2008,2,11,11
257,AMÉRIQUE,CUB,2012,5,3,6
258,AMÉRIQUE,CUB,2016,5,2,4
259,AMÉRIQUE,AHO,1988,0,1,0
260,ASIE,CYP,2012,0,1,0
261,EUROPE,BOH,1900,0,1,2
262,EUROPE,BOH,1908,0,0,2
263,EUROPE,DEN,1896,1,2,3
264,EUROPE,DEN,1900,2,3,2
265,EUROPE,DEN,1908,0,2,3
266,EUROPE,DEN,1912,1,6,5
267,EUROPE,DEN,1920,3,9,1
268,EUROPE,DEN,1924,2,6,3
269,EUROPE,DEN,1928,3,2,4
270,EUROPE,DEN,1932,0,5,3
271,EUROPE,DEN,1936,0,2,3
272,EUROPE,DEN,1948,5,8,9
273,EUROPE,DEN,1952,2,1,3
274,EUROPE,DEN,1956,1,2,1
275,EUROPE,DEN,1960,2,3,1
276,EUROPE,DEN,1964,2,1,3
277,EUROPE,DEN,1968,1,4,3
278,EUROPE,DEN,1972,1,0,0
279,EUROPE,DEN,1976,1,0,2
280,EUROPE,DEN,1980,2,1,2
281,EUROPE,DEN,1984,0,3,3
282,EUROPE,DEN,1988,2,1,1
283,EUROPE,DEN,1992,1,1,4
284,EUROPE,DEN,1996,4,1,1
285,EUROPE,DEN,2000,2,3,1
286,EUROPE,DEN,2004,2,1,5
287,EUROPE,DEN,2008,2,2,3
288,EUROPE,DEN,2012,2,4,3
289,EUROPE,DEN,2016,2,6,7
290,AFRIQUE,DJI,1988,0,0,1
291,AMÉRIQUE,DOM,1984,0,0,1
292,AMÉRIQUE,DOM,2004,1,0,0
293,AMÉRIQUE,DOM,2008,1,1,0
294,AMÉRIQUE,DOM,2012,1,1,0
295,AMÉRIQUE,DOM,2016,0,0,1
296,AMÉRIQUE,ECU,1996,1,0,0
297,AMÉRIQUE,ECU,2008,0,1,0
298,AFRIQUE,EGY,1928,2,1,1
299,AFRIQUE,EGY,1936,2,1,2
300,AFRIQUE,EGY,1948,2,2,1
301,AFRIQUE,EGY,1952,0,0,1
302,AFRIQUE,EGY,1984,0,1,0
303,AFRIQUE,EGY,2004,1,1,3
304,AFRIQUE,EGY,2008,0,0,1
305,AFRIQUE,EGY,2012,0,2,0
306,AFRIQUE,EGY,2016,0,0,3
307,AFRIQUE,ERI,2004,0,0,1
308,EUROPE,EST,1920,1,2,0
309,EUROPE,EST,1924,1,1,4
310,EUROPE,EST,1928,2,1,2
311,EUROPE,EST,1936,2,2,3
312,EUROPE,EST,1992,1,0,1
313,EUROPE,EST,2000,1,0,2
314,EUROPE,EST,2004,0,1,2
315,EUROPE,EST,2008,1,1,0
316,EUROPE,EST,2012,0,1,1
317,EUROPE,EST,2016,0,0,1
318,AFRIQUE,ETH,1960,1,0,0
319,AFRIQUE,ETH,1964,1,0,0
320,AFRIQUE,ETH,1968,1,1,0
321,AFRIQUE,ETH,1972,0,0,2
322,AFRIQUE,ETH,1980,2,0,2
323,AFRIQUE,ETH,1992,1,0,2
324,AFRIQUE,ETH,1996,2,0,1
325,AFRIQUE,ETH,2000,4,1,3
326,AFRIQUE,ETH,2004,2,3,2
327,AFRIQUE,ETH,2008,4,1,2
328,AFRIQUE,ETH,2012,3,1,3
329,AFRIQUE,ETH,2016,1,2,5
330,OCÉANIE,FIJ,2016,1,0,0
331,EUROPE,FIN,1908,1,1,3
332,EUROPE,FIN,1912,9,8,9
333,EUROPE,FIN,1920,15,10,9
334,EUROPE,FIN,1924,18,17,13
335,EUROPE,FIN,1928,10,9,10
336,EUROPE,FIN,1932,6,9,13
337,EUROPE,FIN,1936,9,8,9
338,EUROPE,FIN,1948,9,11,8
339,EUROPE,FIN,1952,9,7,15
340,EUROPE,FIN,1956,6,4,12
341,EUROPE,FIN,1960,3,4,6
342,EUROPE,FIN,1964,6,4,5
343,EUROPE,FIN,1968,2,4,3
344,EUROPE,FIN,1972,3,5,5
345,EUROPE,FIN,1976,6,6,1
346,EUROPE,FIN,1980,4,6,7
347,EUROPE,FIN,1984,8,5,12
348,EUROPE,FIN,1988,5,2,4
349,EUROPE,FIN,1992,4,3,5
350,EUROPE,FIN,1996,1,2,1
351,EUROPE,FIN,2000,2,1,1
352,EUROPE,FIN,2004,0,2,0
353,EUROPE,FIN,2008,1,1,2
354,EUROPE,FIN,2012,0,1,2
355,EUROPE,FIN,2016,0,0,1
356,EUROPE,FRA,1896,5,4,2
357,EUROPE,FRA,1900,28,40,34
358,EUROPE,FRA,1904,0,2,0
359,EUROPE,FRA,1908,5,5,9
360,EUROPE,FRA,1912,7,5,3
361,EUROPE,FRA,1920,9,20,13
362,EUROPE,FRA,1924,14,14,15
363,EUROPE,FRA,1928,8,12,6
364,EUROPE,FRA,1932,12,5,4
365,EUROPE,FRA,1936,7,6,7
366,EUROPE,FRA,1948,13,7,17
367,EUROPE,FRA,1952,6,6,7
368,EUROPE,FRA,1956,4,4,6
369,EUROPE,FRA,1960,1,2,5
370,EUROPE,FRA,1964,4,12,6
371,EUROPE,FRA,1968,11,6,7
372,EUROPE,FRA,1972,2,5,9
373,EUROPE,FRA,1976,2,3,5
374,EUROPE,FRA,1980,6,5,4
375,EUROPE,FRA,1984,5,8,18
376,EUROPE,FRA,1988,7,4,7
377,EUROPE,FRA,1992,11,10,17
378,EUROPE,FRA,1996,15,7,15
379,EUROPE,FRA,2000,13,14,11
380,EUROPE,FRA,2004,11,9,13
381,EUROPE,FRA,2008,7,16,18
382,EUROPE,FRA,2012,11,11,13
383,EUROPE,FRA,2016,10,18,14
384,AFRIQUE,GAB,2012,0,1,0
385,ASIE,GEO,1996,0,0,2
386,ASIE,GEO,2000,0,0,6
387,ASIE,GEO,2004,2,2,0
388,ASIE,GEO,2008,3,0,3
389,ASIE,GEO,2012,1,3,3
390,ASIE,GEO,2016,2,1,4
391,EUROPE,FRG,1968,7,13,13
392,EUROPE,FRG,1972,16,12,17
393,EUROPE,FRG,1976,12,17,20
394,EUROPE,FRG,1980,0,2,3
395,EUROPE,FRG,1984,19,20,24
396,EUROPE,FRG,1988,13,18,17
397,AFRIQUE,GHA,1960,0,1,0
398,AFRIQUE,GHA,1964,0,0,1
399,AFRIQUE,GHA,1972,0,0,1
400,AFRIQUE,GHA,1992,0,0,1
401,EUROPE,GRE,1896,10,17,17
402,EUROPE,GRE,1904,1,0,1
403,EUROPE,GRE,1908,0,3,1
404,EUROPE,GRE,1912,1,0,1
405,EUROPE,GRE,1920,0,1,0
406,EUROPE,GRE,1924,1,0,0
407,EUROPE,GRE,1956,0,0,1
408,EUROPE,GRE,1960,1,0,0
409,EUROPE,GRE,1968,0,0,1
410,EUROPE,GRE,1972,0,2,0
411,EUROPE,GRE,1980,1,0,2
412,EUROPE,GRE,1984,0,1,1
413,EUROPE,GRE,1988,0,0,1
414,EUROPE,GRE,1992,2,0,0
415,EUROPE,GRE,1996,4,4,0
416,EUROPE,GRE,2000,4,6,3
417,EUROPE,GRE,2004,6,6,4
418,EUROPE,GRE,2008,0,2,2
419,EUROPE,GRE,2012,0,0,2
420,EUROPE,GRE,2016,3,1,2
421,AMÉRIQUE,GRN,2012,1,0,0
422,AMÉRIQUE,GRN,2016,0,1,0
423,AMÉRIQUE,GUA,2012,0,1,0
424,AMÉRIQUE,GUY,1980,0,0,1
425,AMÉRIQUE,HAI,1900,1,0,0
426,AMÉRIQUE,HAI,1924,0,0,1
427,AMÉRIQUE,HAI,1928,0,1,0
428,ASIE,HKG,1996,1,0,0
429,ASIE,HKG,2004,0,1,0
430,ASIE,HKG,2012,0,0,1
431,EUROPE,HUN,1896,2,1,3
432,EUROPE,HUN,1900,1,2,2
433,EUROPE,HUN,1904,2,1,1
434,EUROPE,HUN,1908,3,4,2
435,EUROPE,HUN,1912,3,2,3
436,EUROPE,HUN,1924,2,4,4
437,EUROPE,HUN,1928,5,5,0
438,EUROPE,HUN,1932,6,5,6
439,EUROPE,HUN,1936,10,1,6
440,EUROPE,HUN,1948,10,6,12
441,EUROPE,HUN,1952,16,10,17
442,EUROPE,HUN,1956,9,10,8
443,EUROPE,HUN,1960,6,8,7
444,EUROPE,HUN,1964,10,7,5
445,EUROPE,HUN,1968,10,10,12
446,EUROPE,HUN,1972,6,13,16
447,EUROPE,HUN,1976,4,5,13
448,EUROPE,HUN,1980,7,11,15
449,EUROPE,HUN,1988,11,6,6
450,EUROPE,HUN,1992,11,12,7
451,EUROPE,HUN,1996,7,4,10
452,EUROPE,HUN,2000,8,6,3
453,EUROPE,HUN,2004,8,6,3
454,EUROPE,HUN,2008,3,5,2
455,EUROPE,HUN,2012,8,4,6
456,EUROPE,HUN,2016,8,3,4
457,EUROPE,ISL,1956,0,1,0
458,EUROPE,ISL,1984,0,0,1
459,EUROPE,ISL,2000,0,0,1
460,EUROPE,ISL,2008,0,1,0
461,ASIE,IND,1900,0,2,0
462,ASIE,IND,1924,1,0,0
463,ASIE,IND,1928,1,0,0
464,ASIE,IND,1932,1,0,0
465,ASIE,IND,1936,1,0,0
466,ASIE,IND,1948,1,0,0
467,ASIE,IND,1952,1,0,1
468,ASIE,IND,1956,1,0,0
469,ASIE,IND,1960,0,1,0
470,ASIE,IND,1964,1,0,0
471,ASIE,IND,1968,0,0,1
472,ASIE,IND,1972,0,0,1
473,ASIE,IND,1980,1,0,0
474,ASIE,IND,1996,0,0,1
475,ASIE,IND,2000,0,0,1
476,ASIE,IND,2004,0,1,0
477,ASIE,IND,2008,1,0,2
478,ASIE,IND,2012,0,2,4
479,ASIE,IND,2016,0,1,1
480,None,IOA,1992,0,1,2
481,None,IOA,2016,1,0,1
482,ASIE,INA,1988,0,1,0
483,ASIE,INA,1992,2,2,1
484,ASIE,INA,1996,1,1,2
485,ASIE,INA,2000,1,3,2
486,ASIE,INA,2004,1,1,2
487,ASIE,INA,2008,1,1,3
488,ASIE,INA,2012,0,1,1
489,ASIE,INA,2016,1,2,0
490,ASIE,IRI,1948,0,0,1
491,ASIE,IRI,1952,0,3,4
492,ASIE,IRI,1956,2,2,1
493,ASIE,IRI,1960,0,1,3
494,ASIE,IRI,1964,0,0,2
495,ASIE,IRI,1968,2,1,2
496,ASIE,IRI,1972,0,2,1
497,ASIE,IRI,1976,0,1,1
498,ASIE,IRI,1988,0,1,0
499,ASIE,IRI,1992,0,1,2
500,ASIE,IRI,1996,1,1,1
501,ASIE,IRI,2000,3,0,1
502,ASIE,IRI,2004,2,2,2
503,ASIE,IRI,2008,1,0,1
504,ASIE,IRI,2012,4,5,3
505,ASIE,IRI,2016,3,1,4
506,ASIE,IRQ,1960,0,0,1
507,EUROPE,IRL,1924,0,1,1
508,EUROPE,IRL,1928,1,0,0
509,EUROPE,IRL,1932,2,0,0
510,EUROPE,IRL,1948,0,0,1
511,EUROPE,IRL,1952,0,1,0
512,EUROPE,IRL,1956,1,1,3
513,EUROPE,IRL,1964,0,0,1
514,EUROPE,IRL,1980,0,1,1
515,EUROPE,IRL,1984,0,1,0
516,EUROPE,IRL,1992,1,1,0
517,EUROPE,IRL,1996,3,0,1
518,EUROPE,IRL,2000,0,1,0
519,EUROPE,IRL,2008,0,1,2
520,EUROPE,IRL,2012,1,1,3
521,EUROPE,IRL,2016,0,2,0
522,ASIE,ISR,1992,0,1,1
523,ASIE,ISR,1996,0,0,1
524,ASIE,ISR,2000,0,0,1
525,ASIE,ISR,2004,1,0,1
526,ASIE,ISR,2008,0,0,1
527,ASIE,ISR,2016,0,0,2
528,EUROPE,ITA,1900,3,2,0
529,EUROPE,ITA,1908,2,2,0
530,EUROPE,ITA,1912,5,1,2
531,EUROPE,ITA,1920,14,6,5
532,EUROPE,ITA,1924,8,3,5
533,EUROPE,ITA,1928,7,6,7
534,EUROPE,ITA,1932,12,12,12
535,EUROPE,ITA,1936,9,13,5
536,EUROPE,ITA,1948,10,12,10
537,EUROPE,ITA,1952,9,9,5
538,EUROPE,ITA,1956,9,10,9
539,EUROPE,ITA,1960,13,10,14
540,EUROPE,ITA,1964,10,11,10
541,EUROPE,ITA,1968,7,4,9
542,EUROPE,ITA,1972,7,5,11
543,EUROPE,ITA,1976,3,9,5
544,EUROPE,ITA,1980,8,5,4
545,EUROPE,ITA,1984,16,6,12
546,EUROPE,ITA,1988,8,5,6
547,EUROPE,ITA,1992,10,11,12
548,EUROPE,ITA,1996,13,10,12
549,EUROPE,ITA,2000,13,8,13
550,EUROPE,ITA,2004,10,11,11
551,EUROPE,ITA,2008,8,9,10
552,EUROPE,ITA,2012,8,9,11
553,EUROPE,ITA,2016,8,12,8
554,AFRIQUE,CIV,1984,0,1,0
555,AFRIQUE,CIV,2016,1,0,1
556,AMÉRIQUE,JAM,1948,1,2,0
557,AMÉRIQUE,JAM,1952,2,3,0
558,AMÉRIQUE,JAM,1968,0,1,0
559,AMÉRIQUE,JAM,1972,0,0,1
560,AMÉRIQUE,JAM,1976,1,1,0
561,AMÉRIQUE,JAM,1980,0,0,3
562,AMÉRIQUE,JAM,1984,0,1,2
563,AMÉRIQUE,JAM,1988,0,2,0
564,AMÉRIQUE,JAM,1992,0,3,1
565,AMÉRIQUE,JAM,1996,1,3,2
566,AMÉRIQUE,JAM,2000,0,6,3
567,AMÉRIQUE,JAM,2004,2,1,2
568,AMÉRIQUE,JAM,2008,5,2,2
569,AMÉRIQUE,JAM,2012,4,4,4
570,AMÉRIQUE,JAM,2016,6,3,2
571,ASIE,JPN,1920,0,2,0
572,ASIE,JPN,1924,0,0,1
573,ASIE,JPN,1928,2,2,1
574,ASIE,JPN,1932,7,7,4
575,ASIE,JPN,1936,6,4,10
576,ASIE,JPN,1952,1,6,1
577,ASIE,JPN,1956,4,11,3
578,ASIE,JPN,1960,4,7,7
579,ASIE,JPN,1964,16,5,8
580,ASIE,JPN,1968,11,7,7
581,ASIE,JPN,1972,14,9,9
582,ASIE,JPN,1976,9,6,10
583,ASIE,JPN,1980,0,1,0
584,ASIE,JPN,1984,10,8,14
585,ASIE,JPN,1988,4,3,8
586,ASIE,JPN,1992,4,10,15
587,ASIE,JPN,1996,3,6,5
588,ASIE,JPN,2000,5,8,5
589,ASIE,JPN,2004,16,9,12
590,ASIE,JPN,2008,9,7,9
591,ASIE,JPN,2012,7,14,17
592,ASIE,JPN,2016,12,8,21
593,ASIE,JOR,2016,1,0,0
594,ASIE,KAZ,1996,3,4,4
595,ASIE,KAZ,2000,3,4,0
596,ASIE,KAZ,2004,1,4,3
597,ASIE,KAZ,2008,2,4,7
598,ASIE,KAZ,2012,7,1,5
599,ASIE,KAZ,2016,3,5,10
600,AFRIQUE,KEN,1964,0,0,1
601,AFRIQUE,KEN,1968,3,4,2
602,AFRIQUE,KEN,1972,2,3,4
603,AFRIQUE,KEN,1984,1,0,2
604,AFRIQUE,KEN,1988,5,2,2
605,AFRIQUE,KEN,1992,2,4,2
606,AFRIQUE,KEN,1996,1,4,3
607,AFRIQUE,KEN,2000,2,3,2
608,AFRIQUE,KEN,2004,1,4,2
609,AFRIQUE,KEN,2008,6,4,5
610,AFRIQUE,KEN,2012,2,4,5
611,AFRIQUE,KEN,2016,6,6,1
612,EUROPE,KOS,2016,1,0,0
613,ASIE,KUW,2000,0,0,1
614,ASIE,KUW,2012,0,0,1
615,ASIE,KGZ,2000,0,0,1
616,ASIE,KGZ,2008,0,1,1
617,EUROPE,LAT,1932,0,1,0
618,EUROPE,LAT,1936,0,1,1
619,EUROPE,LAT,1992,0,2,1
620,EUROPE,LAT,1996,0,1,0
621,EUROPE,LAT,2000,1,1,1
622,EUROPE,LAT,2004,0,4,0
623,EUROPE,LAT,2008,1,1,1
624,EUROPE,LAT,2012,1,0,1
625,ASIE,LIB,1952,0,1,1
626,ASIE,LIB,1972,0,1,0
627,ASIE,LIB,1980,0,0,1
628,EUROPE,LIE,1976,0,0,2
629,EUROPE,LIE,1980,2,2,0
630,EUROPE,LIE,1984,0,0,2
631,EUROPE,LIE,1988,0,0,1
632,EUROPE,LTU,1992,1,0,1
633,EUROPE,LTU,1996,0,0,1
634,EUROPE,LTU,2000,2,0,3
635,EUROPE,LTU,2004,1,2,0
636,EUROPE,LTU,2008,0,2,3
637,EUROPE,LTU,2012,2,1,2
638,EUROPE,LTU,2016,0,1,3
639,EUROPE,LUX,1900,1,0,0
640,EUROPE,LUX,1920,0,1,0
641,EUROPE,LUX,1924,1,1,0
642,EUROPE,LUX,1928,1,0,0
643,EUROPE,LUX,1952,1,0,0
644,EUROPE,LUX,1992,0,2,0
645,EUROPE,MKD,2000,0,0,1
646,AFRIQUE,MRI,2008,0,0,1
647,AMÉRIQUE,MEX,1900,0,0,1
648,AMÉRIQUE,MEX,1932,0,2,0
649,AMÉRIQUE,MEX,1936,0,0,3
650,AMÉRIQUE,MEX,1948,2,1,2
651,AMÉRIQUE,MEX,1952,0,1,0
652,AMÉRIQUE,MEX,1956,1,0,1
653,AMÉRIQUE,MEX,1960,0,0,1
654,AMÉRIQUE,MEX,1964,0,0,1
655,AMÉRIQUE,MEX,1968,3,3,3
656,AMÉRIQUE,MEX,1972,0,1,0
657,AMÉRIQUE,MEX,1976,1,0,1
658,AMÉRIQUE,MEX,1980,0,1,3
659,AMÉRIQUE,MEX,1984,2,3,1
660,AMÉRIQUE,MEX,1988,0,0,2
661,AMÉRIQUE,MEX,1992,0,1,0
662,AMÉRIQUE,MEX,1996,0,0,1
663,AMÉRIQUE,MEX,2000,1,2,3
664,AMÉRIQUE,MEX,2004,0,3,1
665,AMÉRIQUE,MEX,2008,2,0,1
666,AMÉRIQUE,MEX,2012,1,3,3
667,AMÉRIQUE,MEX,2016,0,3,2
668,EUROPE,MDA,1996,0,1,1
669,EUROPE,MDA,2000,0,1,1
670,EUROPE,MDA,2008,0,0,1
671,EUROPE,MDA,2012,0,0,2
672,EUROPE,MON,1924,0,0,1
673,ASIE,MGL,1968,0,1,3
674,ASIE,MGL,1972,0,1,0
675,ASIE,MGL,1976,0,1,0
676,ASIE,MGL,1980,0,2,2
677,ASIE,MGL,1988,0,0,1
678,ASIE,MGL,1992,0,0,2
679,ASIE,MGL,1996,0,0,1
680,ASIE,MGL,2004,0,0,1
681,ASIE,MGL,2008,2,2,0
682,ASIE,MGL,2012,0,2,3
683,ASIE,MGL,2016,0,1,1
684,EUROPE,MNE,2012,0,1,0
685,AFRIQUE,MAR,1960,0,1,0
686,AFRIQUE,MAR,1984,2,0,0
687,AFRIQUE,MAR,1988,1,0,2
688,AFRIQUE,MAR,1992,1,1,1
689,AFRIQUE,MAR,1996,0,0,2
690,AFRIQUE,MAR,2000,0,1,4
691,AFRIQUE,MAR,2004,2,1,0
692,AFRIQUE,MAR,2008,0,1,1
693,AFRIQUE,MAR,2012,0,0,1
694,AFRIQUE,MAR,2016,0,0,1
695,AFRIQUE,MOZ,1996,0,0,1
696,AFRIQUE,MOZ,2000,1,0,0
697,AFRIQUE,NAM,1992,0,2,0
698,AFRIQUE,NAM,1996,0,2,0
699,ASIE,NEP,1924,1,0,0
700,EUROPE,NED,1900,1,2,4
701,EUROPE,NED,1908,0,0,2
702,EUROPE,NED,1912,0,0,3
703,EUROPE,NED,1920,4,2,5
704,EUROPE,NED,1924,4,1,6
705,EUROPE,NED,1928,8,10,5
706,EUROPE,NED,1932,2,5,1
707,EUROPE,NED,1936,6,4,7
708,EUROPE,NED,1948,5,2,9
709,EUROPE,NED,1952,0,8,0
710,EUROPE,NED,1960,0,2,3
711,EUROPE,NED,1964,3,5,4
712,EUROPE,NED,1968,6,6,4
713,EUROPE,NED,1972,7,4,3
714,EUROPE,NED,1976,1,4,6
715,EUROPE,NED,1980,1,3,3
716,EUROPE,NED,1984,5,2,6
717,EUROPE,NED,1988,5,4,7
718,EUROPE,NED,1992,3,7,9
719,EUROPE,NED,1996,4,5,10
720,EUROPE,NED,2000,12,9,4
721,EUROPE,NED,2004,4,9,9
722,EUROPE,NED,2008,7,5,4
723,EUROPE,NED,2012,6,6,8
724,EUROPE,NED,2016,8,7,4
725,OCÉANIE,NZL,1900,1,0,0
726,OCÉANIE,NZL,1920,0,0,1
727,OCÉANIE,NZL,1924,0,0,1
728,OCÉANIE,NZL,1928,1,0,0
729,OCÉANIE,NZL,1932,0,1,0
730,OCÉANIE,NZL,1936,1,0,0
731,OCÉANIE,NZL,1952,1,0,2
732,OCÉANIE,NZL,1956,2,0,0
733,OCÉANIE,NZL,1960,2,0,1
734,OCÉANIE,NZL,1964,3,0,2
735,OCÉANIE,NZL,1968,1,0,2
736,OCÉANIE,NZL,1972,1,1,1
737,OCÉANIE,NZL,1976,2,1,1
738,OCÉANIE,NZL,1984,8,1,2
739,OCÉANIE,NZL,1988,3,2,8
740,OCÉANIE,NZL,1992,1,5,5
741,OCÉANIE,NZL,1996,3,2,1
742,OCÉANIE,NZL,2000,1,0,3
743,OCÉANIE,NZL,2004,3,2,0
744,OCÉANIE,NZL,2008,3,2,4
745,OCÉANIE,NZL,2012,6,2,5
746,OCÉANIE,NZL,2016,4,9,5
747,AFRIQUE,NIG,1972,0,0,1
748,AFRIQUE,NIG,2016,0,1,0
749,AFRIQUE,NGR,1964,0,0,1
750,AFRIQUE,NGR,1972,0,0,1
751,AFRIQUE,NGR,1984,0,1,1
752,AFRIQUE,NGR,1992,0,3,1
753,AFRIQUE,NGR,1996,2,1,3
754,AFRIQUE,NGR,2000,1,2,0
755,AFRIQUE,NGR,2004,0,0,2
756,AFRIQUE,NGR,2008,0,1,3
757,AFRIQUE,NGR,2016,0,0,1
758,ASIE,PRK,1964,0,1,0
759,ASIE,PRK,1972,1,1,3
760,ASIE,PRK,1976,1,1,0
761,ASIE,PRK,1980,0,3,2
762,ASIE,PRK,1992,4,0,6
763,ASIE,PRK,1996,2,1,2
764,ASIE,PRK,2000,0,1,3
765,ASIE,PRK,2004,0,4,1
766,ASIE,PRK,2008,2,1,3
767,ASIE,PRK,2012,4,0,2
768,ASIE,PRK,2016,2,3,2
769,EUROPE,NOR,1900,0,2,3
770,EUROPE,NOR,1904,2,0,0
771,EUROPE,NOR,1908,2,3,3
772,EUROPE,NOR,1912,4,1,5
773,EUROPE,NOR,1920,10,10,9
774,EUROPE,NOR,1924,9,9,9
775,EUROPE,NOR,1928,7,6,6
776,EUROPE,NOR,1932,3,4,3
777,EUROPE,NOR,1936,8,8,5
778,EUROPE,NOR,1948,5,6,6
779,EUROPE,NOR,1952,10,5,6
780,EUROPE,NOR,1956,3,1,3
781,EUROPE,NOR,1960,4,3,0
782,EUROPE,NOR,1964,3,6,6
783,EUROPE,NOR,1968,7,7,2
784,EUROPE,NOR,1972,4,6,6
785,EUROPE,NOR,1976,4,4,1
786,EUROPE,NOR,1980,1,3,6
787,EUROPE,NOR,1984,3,3,6
788,EUROPE,NOR,1988,2,6,2
789,EUROPE,NOR,1992,9,9,6
790,EUROPE,NOR,1996,2,2,3
791,EUROPE,NOR,2000,4,3,3
792,EUROPE,NOR,2004,5,0,1
793,EUROPE,NOR,2008,3,5,1
794,EUROPE,NOR,2012,2,1,1
795,EUROPE,NOR,2016,0,0,4
796,ASIE,PAK,1956,0,1,0
797,ASIE,PAK,1960,1,0,1
798,ASIE,PAK,1964,0,1,0
799,ASIE,PAK,1968,1,0,0
800,ASIE,PAK,1972,0,1,0
801,ASIE,PAK,1976,0,0,1
802,ASIE,PAK,1984,1,0,0
803,ASIE,PAK,1988,0,0,1
804,ASIE,PAK,1992,0,0,1
805,AMÉRIQUE,PAN,1948,0,0,2
806,AMÉRIQUE,PAN,2008,1,0,0
807,AMÉRIQUE,PAR,2004,0,1,0
808,AMÉRIQUE,PER,1948,1,0,0
809,AMÉRIQUE,PER,1984,0,1,0
810,AMÉRIQUE,PER,1988,0,1,0
811,AMÉRIQUE,PER,1992,0,1,0
812,ASIE,PHI,1928,0,0,1
813,ASIE,PHI,1932,0,0,3
814,ASIE,PHI,1936,0,0,1
815,ASIE,PHI,1964,0,1,0
816,ASIE,PHI,1988,0,0,1
817,ASIE,PHI,1992,0,0,1
818,ASIE,PHI,1996,0,1,0
819,ASIE,PHI,2016,0,1,0
820,EUROPE,POL,1924,0,1,1
821,EUROPE,POL,1928,2,1,4
822,EUROPE,POL,1932,3,2,4
823,EUROPE,POL,1936,0,4,5
824,EUROPE,POL,1948,1,0,1
825,EUROPE,POL,1952,1,2,1
826,EUROPE,POL,1956,1,4,5
827,EUROPE,POL,1960,4,7,12
828,EUROPE,POL,1964,7,6,10
829,EUROPE,POL,1968,5,2,11
830,EUROPE,POL,1972,8,5,9
831,EUROPE,POL,1976,7,6,13
832,EUROPE,POL,1980,3,14,15
833,EUROPE,POL,1988,2,5,9
834,EUROPE,POL,1992,3,6,10
835,EUROPE,POL,1996,7,5,5
836,EUROPE,POL,2000,6,5,3
837,EUROPE,POL,2004,3,2,5
838,EUROPE,POL,2008,3,6,1
839,EUROPE,POL,2012,2,2,6
840,EUROPE,POL,2016,2,3,6
841,EUROPE,POR,1924,0,0,1
842,EUROPE,POR,1928,0,0,1
843,EUROPE,POR,1936,0,0,1
844,EUROPE,POR,1948,0,1,1
845,EUROPE,POR,1952,0,0,1
846,EUROPE,POR,1960,0,1,0
847,EUROPE,POR,1976,0,2,0
848,EUROPE,POR,1984,1,0,2
849,EUROPE,POR,1988,1,0,0
850,EUROPE,POR,1996,1,0,1
851,EUROPE,POR,2000,0,0,2
852,EUROPE,POR,2004,0,2,1
853,EUROPE,POR,2008,1,1,0
854,EUROPE,POR,2012,0,1,0
855,EUROPE,POR,2016,0,0,1
856,AMÉRIQUE,PUR,1948,0,0,1
857,AMÉRIQUE,PUR,1976,0,0,1
858,AMÉRIQUE,PUR,1984,0,1,1
859,AMÉRIQUE,PUR,1992,0,0,1
860,AMÉRIQUE,PUR,1996,0,0,1
861,AMÉRIQUE,PUR,2012,0,1,1
862,AMÉRIQUE,PUR,2016,1,0,0
863,ASIE,QAT,1992,0,0,1
864,ASIE,QAT,2000,0,0,1
865,ASIE,QAT,2012,0,0,2
866,ASIE,QAT,2016,0,1,0
867,EUROPE,ROU,1924,0,0,1
868,EUROPE,ROU,1936,0,1,0
869,EUROPE,ROU,1952,1,1,2
870,EUROPE,ROU,1956,5,3,5
871,EUROPE,ROU,1960,3,1,6
872,EUROPE,ROU,1964,2,4,6
873,EUROPE,ROU,1968,4,6,6
874,EUROPE,ROU,1972,3,6,7
875,EUROPE,ROU,1976,4,9,14
876,EUROPE,ROU,1980,6,6,13
877,EUROPE,ROU,1984,19,16,17
878,EUROPE,ROU,1988,7,11,6
879,EUROPE,ROU,1992,4,6,8
880,EUROPE,ROU,1996,4,7,8
881,EUROPE,ROU,2000,11,6,9
882,EUROPE,ROU,2004,8,5,6
883,EUROPE,ROU,2008,4,1,3
884,EUROPE,ROU,2012,2,5,2
885,EUROPE,ROU,2016,1,1,2
886,EUROPE,RUS,1908,1,2,0
887,EUROPE,RUS,1912,0,2,3
888,EUROPE,RUS,1952,22,29,19
889,EUROPE,RUS,1956,43,32,38
890,EUROPE,RUS,1960,50,34,40
891,EUROPE,RUS,1964,41,37,39
892,EUROPE,RUS,1968,34,37,33
893,EUROPE,RUS,1972,58,32,25
894,EUROPE,RUS,1976,62,47,43
895,EUROPE,RUS,1980,90,75,52
896,EUROPE,RUS,1984,6,10,9
897,EUROPE,RUS,1988,65,40,55
898,EUROPE,RUS,1992,54,44,37
899,EUROPE,RUS,1996,26,21,16
900,EUROPE,RUS,2000,32,28,29
901,EUROPE,RUS,2004,28,26,36
902,EUROPE,RUS,2008,23,21,28
903,EUROPE,RUS,2012,24,26,32
904,EUROPE,RUS,2016,19,17,20
905,ASIE,KSA,2000,0,1,1
906,ASIE,KSA,2012,0,0,1
907,AFRIQUE,SEN,1988,0,1,0
908,EUROPE,SCG,1996,1,1,2
909,EUROPE,SCG,2000,1,1,1
910,EUROPE,SCG,2004,0,2,0
911,ASIE,SIN,1960,0,1,0
912,ASIE,SIN,2008,0,1,0
913,ASIE,SIN,2012,0,0,2
914,ASIE,SIN,2016,1,0,0
915,EUROPE,SVK,1996,1,1,1
916,EUROPE,SVK,2000,1,3,1
917,EUROPE,SVK,2004,2,2,2
918,EUROPE,SVK,2008,3,2,1
919,EUROPE,SVK,2012,0,1,3
920,EUROPE,SVK,2016,2,2,0
921,EUROPE,SLO,1992,0,0,2
922,EUROPE,SLO,1996,0,2,0
923,EUROPE,SLO,2000,2,0,0
924,EUROPE,SLO,2004,0,1,3
925,EUROPE,SLO,2008,1,2,2
926,EUROPE,SLO,2012,1,1,2
927,EUROPE,SLO,2016,1,2,1
928,AFRIQUE,RSA,1908,1,1,0
929,AFRIQUE,RSA,1912,4,2,0
930,AFRIQUE,RSA,1920,3,4,3
931,AFRIQUE,RSA,1924,1,1,1
932,AFRIQUE,RSA,1928,1,0,2
933,AFRIQUE,RSA,1932,2,0,3
934,AFRIQUE,RSA,1936,0,1,0
935,AFRIQUE,RSA,1948,2,2,2
936,AFRIQUE,RSA,1952,2,4,4
937,AFRIQUE,RSA,1956,0,0,4
938,AFRIQUE,RSA,1960,0,1,2
939,AFRIQUE,RSA,1992,0,2,0
940,AFRIQUE,RSA,1996,3,1,1
941,AFRIQUE,RSA,2000,0,2,3
942,AFRIQUE,RSA,2004,1,3,2
943,AFRIQUE,RSA,2008,0,1,0
944,AFRIQUE,RSA,2012,3,2,1
945,AFRIQUE,RSA,2016,2,6,2
946,ASIE,KOR,1948,0,0,2
947,ASIE,KOR,1952,0,0,2
948,ASIE,KOR,1956,0,1,1
949,ASIE,KOR,1964,0,2,1
950,ASIE,KOR,1968,0,1,1
951,ASIE,KOR,1972,0,1,0
952,ASIE,KOR,1976,1,1,4
953,ASIE,KOR,1984,6,6,7
954,ASIE,KOR,1988,12,10,11
955,ASIE,KOR,1992,14,6,12
956,ASIE,KOR,1996,7,15,5
957,ASIE,KOR,2000,8,10,10
958,ASIE,KOR,2004,9,12,9
959,ASIE,KOR,2008,13,10,8
960,ASIE,KOR,2012,13,8,7
961,ASIE,KOR,2016,9,3,9
962,EUROPE,ESP,1900,1,0,0
963,EUROPE,ESP,1920,0,2,0
964,EUROPE,ESP,1928,1,0,0
965,EUROPE,ESP,1932,0,0,1
966,EUROPE,ESP,1948,0,1,0
967,EUROPE,ESP,1952,0,1,0
968,EUROPE,ESP,1960,0,0,1
969,EUROPE,ESP,1972,1,0,1
970,EUROPE,ESP,1976,0,2,0
971,EUROPE,ESP,1980,1,3,2
972,EUROPE,ESP,1984,1,2,2
973,EUROPE,ESP,1988,1,1,2
974,EUROPE,ESP,1992,13,7,3
975,EUROPE,ESP,1996,5,6,6
976,EUROPE,ESP,2000,3,3,5
977,EUROPE,ESP,2004,3,11,6
978,EUROPE,ESP,2008,5,10,3
979,EUROPE,ESP,2012,3,10,4
980,EUROPE,ESP,2016,7,4,6
981,ASIE,SRI,1948,0,1,0
982,ASIE,SRI,2000,0,1,0
983,AFRIQUE,SUD,2008,0,1,0
984,AMÉRIQUE,SUR,1988,1,0,0
985,AMÉRIQUE,SUR,1992,0,0,1
986,EUROPE,SWE,1900,1,0,1
987,EUROPE,SWE,1908,8,6,11
988,EUROPE,SWE,1912,24,24,17
989,EUROPE,SWE,1920,19,20,25
990,EUROPE,SWE,1924,5,14,12
991,EUROPE,SWE,1928,9,8,13
992,EUROPE,SWE,1932,11,7,9
993,EUROPE,SWE,1936,8,7,13
994,EUROPE,SWE,1948,21,14,21
995,EUROPE,SWE,1952,12,13,14
996,EUROPE,SWE,1956,10,9,10
997,EUROPE,SWE,1960,4,4,5
998,EUROPE,SWE,1964,5,5,5
999,EUROPE,SWE,1968,5,3,4
1000,EUROPE,SWE,1972,5,7,8
1001,EUROPE,SWE,1976,4,1,2
1002,EUROPE,SWE,1980,6,3,7
1003,EUROPE,SWE,1984,6,13,8
1004,EUROPE,SWE,1988,4,4,9
1005,EUROPE,SWE,1992,2,7,7
1006,EUROPE,SWE,1996,2,4,2
1007,EUROPE,SWE,2000,4,5,3
1008,EUROPE,SWE,2004,4,2,1
1009,EUROPE,SWE,2008,0,4,1
1010,EUROPE,SWE,2012,1,4,3
1011,EUROPE,SWE,2016,2,6,3
1012,EUROPE,SUI,1896,1,2,0
1013,EUROPE,SUI,1900,6,2,1
1014,EUROPE,SUI,1904,1,0,2
1015,EUROPE,SUI,1912,1,0,0
1016,EUROPE,SUI,1920,2,2,7
1017,EUROPE,SUI,1924,9,8,11
1018,EUROPE,SUI,1928,7,6,5
1019,EUROPE,SUI,1932,0,2,0
1020,EUROPE,SUI,1936,5,11,5
1021,EUROPE,SUI,1948,8,16,7
1022,EUROPE,SUI,1952,2,6,8
1023,EUROPE,SUI,1956,3,2,2
1024,EUROPE,SUI,1960,2,3,3
1025,EUROPE,SUI,1964,1,2,1
1026,EUROPE,SUI,1968,0,3,8
1027,EUROPE,SUI,1972,4,6,3
1028,EUROPE,SUI,1976,2,4,3
1029,EUROPE,SUI,1980,3,1,3
1030,EUROPE,SUI,1984,2,6,5
1031,EUROPE,SUI,1988,5,7,7
1032,EUROPE,SUI,1992,2,0,2
1033,EUROPE,SUI,1996,4,3,0
1034,EUROPE,SUI,2000,1,6,2
1035,EUROPE,SUI,2004,1,1,3
1036,EUROPE,SUI,2008,2,1,4
1037,EUROPE,SUI,2012,2,2,0
1038,EUROPE,SUI,2016,3,2,2
1039,ASIE,SYR,1984,0,1,0
1040,ASIE,SYR,1996,1,0,0
1041,ASIE,SYR,2004,0,0,1
1042,ASIE,TPE,1960,0,1,0
1043,ASIE,TPE,1968,0,0,1
1044,ASIE,TPE,1984,0,0,1
1045,ASIE,TPE,1992,0,1,0
1046,ASIE,TPE,1996,0,1,0
1047,ASIE,TPE,2000,0,1,4
1048,ASIE,TPE,2004,2,2,1
1049,ASIE,TPE,2008,0,0,4
1050,ASIE,TPE,2012,0,1,1
1051,ASIE,TPE,2016,1,0,2
1052,ASIE,TJK,2008,0,1,1
1053,ASIE,TJK,2012,0,0,1
1054,ASIE,TJK,2016,1,0,0
1055,AFRIQUE,TAN,1980,0,2,0
1056,ASIE,THA,1976,0,0,1
1057,ASIE,THA,1984,0,1,0
1058,ASIE,THA,1988,0,0,1
1059,ASIE,THA,1992,0,0,1
1060,ASIE,THA,1996,1,0,1
1061,ASIE,THA,2000,1,0,2
1062,ASIE,THA,2004,3,1,4
1063,ASIE,THA,2008,2,2,0
1064,ASIE,THA,2012,0,2,1
1065,ASIE,THA,2016,2,2,2
1066,EUROPE,TOG,2008,0,0,1
1067,OCÉANIE,TGA,1996,0,1,0
1068,AMÉRIQUE,TTO,1948,0,1,0
1069,AMÉRIQUE,TTO,1952,0,0,2
1070,AMÉRIQUE,TTO,1964,0,1,2
1071,AMÉRIQUE,TTO,1976,1,0,0
1072,AMÉRIQUE,TTO,1996,0,0,2
1073,AMÉRIQUE,TTO,2000,0,1,1
1074,AMÉRIQUE,TTO,2004,0,0,1
1075,AMÉRIQUE,TTO,2008,1,1,0
1076,AMÉRIQUE,TTO,2012,1,1,2
1077,AMÉRIQUE,TTO,2016,0,0,1
1078,AFRIQUE,TUN,1964,0,1,1
1079,AFRIQUE,TUN,1968,1,0,1
1080,AFRIQUE,TUN,1972,0,1,0
1081,AFRIQUE,TUN,1996,0,0,1
1082,AFRIQUE,TUN,2008,1,0,0
1083,AFRIQUE,TUN,2012,1,1,1
1084,AFRIQUE,TUN,2016,0,0,3
1085,EUROPE,TUR,1936,1,0,1
1086,EUROPE,TUR,1948,6,4,2
1087,EUROPE,TUR,1952,2,0,1
1088,EUROPE,TUR,1956,3,2,2
1089,EUROPE,TUR,1960,7,2,0
1090,EUROPE,TUR,1964,2,3,1
1091,EUROPE,TUR,1968,2,0,0
1092,EUROPE,TUR,1972,0,1,0
1093,EUROPE,TUR,1984,0,0,3
1094,EUROPE,TUR,1988,1,1,0
1095,EUROPE,TUR,1992,2,2,2
1096,EUROPE,TUR,1996,4,1,1
1097,EUROPE,TUR,2000,3,0,2
1098,EUROPE,TUR,2004,3,3,5
1099,EUROPE,TUR,2008,1,3,3
1100,EUROPE,TUR,2012,2,2,1
1101,EUROPE,TUR,2016,1,3,4
1102,EUROPE,GBR,1896,3,3,3
1103,EUROPE,GBR,1900,19,11,12
1104,EUROPE,GBR,1904,1,1,0
1105,EUROPE,GBR,1908,56,50,37
1106,EUROPE,GBR,1912,10,15,16
1107,EUROPE,GBR,1920,14,16,13
1108,EUROPE,GBR,1924,11,15,14
1109,EUROPE,GBR,1928,4,11,8
1110,EUROPE,GBR,1932,5,7,5
1111,EUROPE,GBR,1936,5,8,4
1112,EUROPE,GBR,1948,4,16,9
1113,EUROPE,GBR,1952,2,2,8
1114,EUROPE,GBR,1956,6,7,11
1115,EUROPE,GBR,1960,2,6,12
1116,EUROPE,GBR,1964,5,12,2
1117,EUROPE,GBR,1968,5,5,3
1118,EUROPE,GBR,1972,4,5,9
1119,EUROPE,GBR,1976,4,5,5
1120,EUROPE,GBR,1980,6,7,9
1121,EUROPE,GBR,1984,6,11,21
1122,EUROPE,GBR,1988,5,10,9
1123,EUROPE,GBR,1992,5,3,12
1124,EUROPE,GBR,1996,1,8,6
1125,EUROPE,GBR,2000,11,10,7
1126,EUROPE,GBR,2004,9,9,12
1127,EUROPE,GBR,2008,19,13,16
1128,EUROPE,GBR,2012,29,17,19
1129,EUROPE,GBR,2016,27,23,17
1130,AMÉRIQUE,USA,1896,11,6,2
1131,AMÉRIQUE,USA,1900,21,16,17
1132,AMÉRIQUE,USA,1904,76,79,75
1133,AMÉRIQUE,USA,1908,22,12,12
1134,AMÉRIQUE,USA,1912,26,18,19
1135,AMÉRIQUE,USA,1920,41,27,27
1136,AMÉRIQUE,USA,1924,46,29,28
1137,AMÉRIQUE,USA,1928,24,20,18
1138,AMÉRIQUE,USA,1932,50,40,32
1139,AMÉRIQUE,USA,1936,25,21,15
1140,AMÉRIQUE,USA,1948,41,30,21
1141,AMÉRIQUE,USA,1952,44,25,18
1142,AMÉRIQUE,USA,1956,34,28,19
1143,AMÉRIQUE,USA,1960,37,25,19
1144,AMÉRIQUE,USA,1964,37,28,32
1145,AMÉRIQUE,USA,1968,46,31,35
1146,AMÉRIQUE,USA,1972,36,33,33
1147,AMÉRIQUE,USA,1976,37,38,29
1148,AMÉRIQUE,USA,1980,6,4,2
1149,AMÉRIQUE,USA,1984,86,65,30
1150,AMÉRIQUE,USA,1988,38,32,30
1151,AMÉRIQUE,USA,1992,42,38,39
1152,AMÉRIQUE,USA,1996,44,32,25
1153,AMÉRIQUE,USA,2000,36,24,31
1154,AMÉRIQUE,USA,2004,36,39,26
1155,AMÉRIQUE,USA,2008,36,39,35
1156,AMÉRIQUE,USA,2012,46,28,29
1157,AMÉRIQUE,USA,2016,46,37,38
1158,AFRIQUE,UGA,1968,0,1,1
1159,AFRIQUE,UGA,1972,1,1,0
1160,AFRIQUE,UGA,1980,0,1,0
1161,AFRIQUE,UGA,1996,0,0,1
1162,AFRIQUE,UGA,2012,1,0,0
1163,EUROPE,UKR,1996,9,2,12
1164,EUROPE,UKR,2000,3,10,10
1165,EUROPE,UKR,2004,8,5,9
1166,EUROPE,UKR,2008,7,5,15
1167,EUROPE,UKR,2012,6,5,9
1168,EUROPE,UKR,2016,2,5,4
1169,ASIE,UAE,2004,1,0,0
1170,ASIE,UAE,2016,0,0,1
1171,AMÉRIQUE,URU,1924,1,0,0
1172,AMÉRIQUE,URU,1928,1,0,0
1173,AMÉRIQUE,URU,1932,0,0,1
1174,AMÉRIQUE,URU,1948,0,1,1
1175,AMÉRIQUE,URU,1952,0,0,2
1176,AMÉRIQUE,URU,1956,0,0,1
1177,AMÉRIQUE,URU,1964,0,0,1
1178,AMÉRIQUE,URU,2000,0,1,0
1179,ASIE,UZB,1996,0,1,1
1180,ASIE,UZB,2000,1,1,2
1181,ASIE,UZB,2004,2,1,2
1182,ASIE,UZB,2008,1,2,3
1183,ASIE,UZB,2012,1,0,2
1184,ASIE,UZB,2016,4,2,7
1185,AMÉRIQUE,VEN,1952,0,0,1
1186,AMÉRIQUE,VEN,1960,0,0,1
1187,AMÉRIQUE,VEN,1968,1,0,0
1188,AMÉRIQUE,VEN,1976,0,1,0
1189,AMÉRIQUE,VEN,1980,0,1,0
1190,AMÉRIQUE,VEN,1984,0,0,3
1191,AMÉRIQUE,VEN,2004,0,0,2
1192,AMÉRIQUE,VEN,2008,0,0,1
1193,AMÉRIQUE,VEN,2012,1,0,0
1194,AMÉRIQUE,VEN,2016,0,1,2
1195,ASIE,VIE,2000,0,1,0
1196,ASIE,VIE,2008,0,1,0
1197,ASIE,VIE,2016,1,1,0
1198,AMÉRIQUE,ISV,1988,0,1,0
1199,AFRIQUE,ZAM,1984,0,0,1
1200,AFRIQUE,ZAM,1996,0,1,0
